House ID,Governorate,Location,Area in m2,Bed Rooms,Toilets,Market or Mall,Prop Value
1,Amman,North,115,2,2,0.3,67758
2,Amman,North,128,3,2,0.4,75635
3,Amman,North,118,2,2,0.2,69370
4,Amman,North,122,2,2,0.6,70335
5,Amman,North,137,2,2,0.4,80779
6,Amman,North,145,3,2,0.8,80354
7,Amman,North,165,2,3,1.1,96257
8,Amman,North,155,3,2,0.9,69132
9,Amman,North,210,3,3,0.4,122736
10,Amman,North,180,3,3,0.6,106365
11,Amman,North,165,3,3,0.8,97640
12,Amman,North,184,4,3,0.4,109347
13,Amman,North,108,2,2,0.3,62449
14,Amman,North,96,2,1,0.5,55620
15,Amman,North,112,2,2,0.4,64668
16,Amman,North,100,2,1,0.6,57095
17,Amman,North,102,1,2,0.8,59561
18,Amman,North,120,2,2,0.2,72228
19,Amman,North,110,2,2,0.6,63395
20,Amman,North,115,2,2,0.4,67185
21,Amman,North,108,2,2,0.6,62869
22,Amman,North,205,4,3,0.4,120389
23,Amman,North,152,2,2,0.8,84641
24,Amman,North,210,3,3,0.4,123634
25,Amman,North,135,2,2,0.9,80168
26,Amman,North,134,2,2,0.7,77471
27,Amman,North,120,2,2,0.8,68416
28,Amman,North,84,2,2,0.6,48627
29,Amman,North,192,4,3,0.8,107715
30,Amman,North,165,3,3,1.2,95689
31,Amman,North,145,3,3,0.6,85258
32,Amman,North,150,3,3,1.1,85858
33,Amman,North,172,3,3,0.3,101490
34,Amman,North,184,3,3,0.5,109090
35,Amman,North,135,2,2,1.2,78984
36,Amman,North,148,3,3,1.3,85801
37,Amman,North,128,2,2,0.6,74079
38,Amman,North,210,4,3,1.2,122491
39,Amman,North,186,3,3,1.2,104090
40,Amman,North,145,2,2,1.1,84354
41,Amman,North,120,2,2,1.6,69397
42,Amman,North,96,2,1,1.8,55360
43,Amman,North,88,1,1,2.1,60777
44,Amman,North,76,1,1,1.2,66661
45,Amman,North,145,3,2,1.6,84343
46,Amman,North,185,3,2,1.5,108499
47,Amman,North,152,2,2,1.4,85484
48,Amman,North,124,2,2,1.6,71826
49,Amman,North,163,2,3,1.2,79253
50,Amman,North,128,2,2,1.1,74061
51,Amman,North,154,2,2,1.3,86243
52,Amman,North,160,2,3,1.4,91515
53,Amman,North,160,3,3,1.2,89268
54,Amman,North,140,2,3,1.1,82330
55,Amman,North,125,3,2,1.6,71501
56,Amman,North,135,2,2,0.6,80271
57,Amman,North,182,3,3,0.8,104143
58,Amman,North,79,1,1,1.8,46615
59,Amman,North,82,1,2,2,46887
60,Amman,North,145,2,2,1.3,83767
61,Amman,North,163,2,3,1.5,93922
62,Amman,North,182,2,3,1.2,101435
63,Amman,North,146,2,2,1.1,84466
64,Amman,North,152,2,2,1.6,86216
65,Amman,North,196,3,4,1.4,113831
66,Amman,North,135,2,2,2.1,93988
67,Amman,North,142,2,2,1.3,84012
68,Amman,North,163,3,3,1.5,93712
69,Amman,North,188,3,3,1.6,109348
70,Amman,North,126,2,2,1.4,73953
71,Amman,North,134,2,2,1.2,79438
72,Amman,North,145,2,2,1.3,84561
73,Amman,North,172,3,3,1.4,101602
74,Amman,North,100,2,2,1.3,56969
75,Amman,North,120,2,2,2.1,62947
76,Amman,North,162,3,3,1.6,92789
77,Amman,North,140,2,3,1.3,81978
78,Amman,North,153,2,3,1.8,86896
79,Amman,North,150,2,3,0.9,74447
80,Amman,North,164,4,3,1.3,94133
81,Amman,North,182,2,3,0.8,107193
82,Amman,North,188,4,4,0.6,111252
83,Amman,East,163,2,3,0.4,61814
84,Amman,East,152,2,3,1.6,84103
85,Amman,East,152,2,3,1.5,55867
86,Amman,East,155,2,3,1.7,58798
87,Amman,East,154,3,3,0.6,57535
88,Amman,East,128,2,2,1.4,63823
89,Amman,East,136,3,3,1.3,51690
90,Amman,East,166,2,2,1.8,63914
91,Amman,East,182,3,3,1.3,70471
92,Amman,East,146,3,3,0.8,53585
93,Amman,East,112,2,2,0.8,50508
94,Amman,East,120,2,2,0.7,44545
95,Amman,East,105,2,2,1.2,38994
96,Amman,East,110,2,2,1.2,38686
97,Amman,East,100,2,2,1.8,37108
98,Amman,East,125,2,2,1,46834
99,Amman,East,126,3,2,1.3,45545
100,Amman,East,110,2,2,1.5,40010
101,Amman,East,112,2,2,2.2,39357
102,Amman,East,118,2,2,0.8,43209
103,Amman,East,128,3,2,0.6,33334
104,Amman,East,136,2,2,0.7,51289
105,Amman,East,128,2,2,1.3,46521
106,Amman,East,145,3,3,1.6,52654
107,Amman,East,167,3,3,2.5,65067
108,Amman,East,168,3,3,1.6,49519
109,Amman,East,172,3,3,1.5,66120
110,Amman,East,173,3,3,1.8,66894
111,Amman,East,182,3,3,1.6,68076
112,Amman,East,194,4,3,1.4,53093
113,Amman,East,182,3,3,0.8,70874
114,Amman,East,196,4,3,0.5,76181
115,Amman,East,160,3,3,1.6,61515
116,Amman,East,96,2,2,1.3,25800
117,Amman,East,88,1,1,0.7,38755
118,Amman,East,112,2,2,1.6,40755
119,Amman,East,116,2,2,1.4,42583
120,Amman,East,128,2,2,1.6,35081
121,Amman,East,132,2,2,2.1,48340
122,Amman,East,165,3,3,1.6,64104
123,Amman,East,166,3,3,0.9,63630
124,Amman,East,172,3,3,0.8,67492
125,Amman,East,210,4,3,1.3,81029
126,Amman,East,206,3,4,1.2,79658
127,Amman,East,105,2,2,1,38432
128,Amman,East,118,2,2,1.6,38263
129,Amman,East,126,3,2,2.2,45987
130,Amman,East,106,2,2,1.8,39264
131,Amman,East,126,2,2,0.6,45659
132,Amman,East,132,3,2,0.4,49047
133,Amman,East,130,3,2,0.7,48442
134,Amman,East,165,3,3,0.3,64917
135,Amman,East,180,2,3,1.2,70278
136,Amman,East,150,3,2,0.6,51584
137,Amman,East,142,2,2,1.8,52686
138,Amman,East,163,3,3,2.5,61490
139,Amman,East,170,3,3,2.3,63691
140,Amman,East,160,2,3,1.8,59413
141,Amman,East,145,3,2,1.6,50674
142,Amman,East,172,4,3,1.1,62901
143,Amman,East,131,2,2,1.4,49481
144,Amman,East,150,2,2,1.2,56571
145,Amman,East,140,3,2,1.3,43286
146,Amman,East,162,3,3,1.4,59966
147,Amman,East,88,2,1,1.2,35373
148,Amman,East,192,3,4,1.3,74262
149,Amman,East,152,3,3,0.8,56688
150,Amman,East,140,3,3,1.6,51620
151,Amman,East,120,2,2,1.1,45695
152,Amman,East,88,2,1,1.6,34541
153,Amman,East,146,3,3,1.4,44886
154,Amman,East,78,1,1,1.2,31614
155,Amman,East,182,4,3,1.4,71456
156,Amman,East,162,3,3,1.3,61741
157,Amman,East,162,3,3,1.3,62278
158,Amman,East,142,2,3,1.4,52641
159,Amman,East,135,2,2,1.2,49650
160,Amman,East,120,2,2,1.8,40161
161,Amman,East,140,3,3,1.3,52116
162,Amman,East,110,2,2,0.8,40306
163,Amman,East,108,2,2,1.4,38537
164,Amman,East,106,2,2,1.3,38420
165,Amman,East,142,3,3,1.8,52816
166,Amman,East,152,2,2,1.4,57007
167,Amman,East,164,2,3,0.9,63107
168,Amman,East,120,2,2,0.8,44660
169,Amman,East,94,2,1,1.2,36230
170,Amman,East,152,3,3,1.6,56815
171,Amman,East,78,1,1,1.4,30026
172,Amman,East,142,2,2,1.3,53071
173,Amman,East,210,4,3,1.4,79958
174,Amman,South,121,2,2,0.8,45378
175,Amman,South,117,2,2,1.6,39502
176,Amman,South,119,2,2,1.5,44589
177,Amman,South,128,2,2,1.2,45859
178,Amman,South,165,3,3,1.4,62840
179,Amman,South,245,4,3,1.2,89367
180,Amman,South,125,2,2,1.4,47225
181,Amman,South,138,2,2,1.3,51270
182,Amman,South,168,3,3,1.2,64122
183,Amman,South,166,3,3,0.8,36180
184,Amman,South,134,2,2,0.4,47020
185,Amman,South,158,3,2,0.3,60822
186,Amman,South,118,2,2,0.7,42222
187,Amman,South,134,2,2,0.4,50180
188,Amman,South,125,2,2,0.3,47316
189,Amman,South,126,2,2,1.2,43200
190,Amman,South,118,2,2,1.5,42247
191,Amman,South,108,2,2,0.8,38619
192,Amman,South,109,2,2,0.6,40414
193,Amman,South,124,2,2,0.1,49021
194,Amman,South,138,2,2,0.7,54536
195,Amman,South,86,2,2,1.5,32968
196,Amman,South,165,3,3,1.4,50294
197,Amman,South,145,2,2,1.3,54447
198,Amman,South,112,2,2,1.8,40227
199,Amman,South,112,2,2,2.8,39863
200,Amman,South,105,2,2,1.3,37802
201,Amman,South,108,2,2,2.1,38821
202,Amman,South,100,2,2,1.3,37800
203,Amman,South,113,2,2,0.2,42205
204,Amman,South,125,3,2,0.4,46821
205,Amman,South,128,2,2,0.3,48684
206,Amman,South,124,2,2,0.8,45832
207,Amman,South,126,2,2,1.3,51662
208,Amman,South,128,2,2,1.2,46120
209,Amman,South,165,3,3,0.7,54767
210,Amman,South,168,2,3,1.6,63805
211,Amman,South,163,3,3,1.2,62392
212,Amman,South,202,3,4,1.4,76844
213,Amman,South,178,3,3,0.8,69157
214,Amman,South,183,3,4,0.6,72534
215,Amman,South,138,2,2,1.6,50748
216,Amman,South,162,3,3,0.8,61175
217,Amman,South,142,2,3,0.9,53099
218,Amman,South,182,3,3,1.9,70134
219,Amman,South,162,3,3,1.5,49926
220,Amman,South,152,3,3,2.3,56044
221,Amman,South,150,3,2,2.1,56610
222,Amman,South,143,2,2,2.8,53824
223,Amman,South,150,2,2,1,55719
224,Amman,South,120,2,2,3.6,36394
225,Amman,South,185,3,4,1.4,62577
226,Amman,South,163,3,3,2.4,52768
227,Amman,South,142,2,2,1.2,52117
228,Amman,South,132,2,2,0.8,48141
229,Amman,South,172,3,3,0.1,70133
230,Amman,South,152,3,3,1.3,55715
231,Amman,South,88,2,2,1.4,34559
232,Amman,South,172,3,3,1.3,65416
233,Amman,South,89,1,1,1.2,20738
234,Amman,South,142,2,3,0.2,53777
235,Amman,South,65,1,1,0.6,26932
236,Amman,South,142,3,2,0.9,53267
237,Amman,South,162,3,3,1.9,61776
238,Amman,South,142,2,2,1.1,39523
239,Amman,South,132,2,2,1.8,49679
240,Amman,South,142,3,2,2.1,51940
241,Amman,South,208,4,3,1.5,78838
242,Amman,South,140,2,2,1.6,52270
243,Amman,South,125,2,2,1.7,46193
244,Amman,South,163,3,3,1.5,50195
245,Amman,South,140,2,2,1.2,51531
246,Amman,South,120,2,2,1.7,44476
247,Amman,South,142,2,2,2.1,52602
248,Amman,South,131,2,2,2,48213
249,Amman,South,120,2,2,3.2,46979
250,Amman,South,104,2,2,2.8,37930
251,Amman,West,167,3,3,1.1,109981
252,Amman,West,122,2,2,0.3,76465
253,Amman,West,128,2,2,1.4,77778
254,Amman,West,120,2,2,0.8,69815
255,Amman,West,136,2,2,0.1,70601
256,Amman,West,128,2,2,0.8,76931
257,Amman,West,112,2,2,0.6,73826
258,Amman,West,128,2,2,0.9,74337
259,Amman,West,124,2,2,1.9,74225
260,Amman,West,114,2,2,1.2,68297
261,Amman,West,108,2,2,1.8,64836
262,Amman,West,92,1,2,0.3,54982
263,Amman,West,158,3,3,0.6,107120
264,Amman,West,208,4,3,1.5,137349
265,Amman,West,128,2,2,1.5,78496
266,Amman,West,214,3,4,0.3,140639
267,Amman,West,216,4,4,0.5,140987
268,Amman,West,125,2,2,0.6,77291
269,Amman,West,136,2,2,0.7,85385
270,Amman,West,145,2,2,0.9,87212
271,Amman,West,168,3,3,1.5,105050
272,Amman,West,178,3,3,1.8,111755
273,Amman,West,192,4,3,2.4,121708
274,Amman,West,125,2,2,3.2,76404
275,Amman,West,165,3,3,1.5,102174
276,Amman,West,147,2,3,3.1,88621
277,Amman,West,184,3,3,2.8,116590
278,Amman,West,172,3,3,1.5,107614
279,Amman,West,154,2,3,1.7,92454
280,Amman,West,136,2,2,1.8,81953
281,Amman,West,118,2,2,1.6,71634
282,Amman,West,92,2,2,1.8,55259
283,Amman,West,65,1,1,1.4,41438
284,Amman,West,148,2,2,1.6,88356
285,Amman,West,135,2,2,1.4,84041
286,Amman,West,189,2,3,1.6,120560
287,Amman,West,145,2,2,1.4,86969
288,Amman,West,158,3,3,1.7,96887
289,Amman,West,168,3,3,2.4,104388
290,Amman,West,166,3,3,1.2,105081
291,Amman,West,162,3,3,0.1,105212
292,Amman,West,183,3,3,0.6,116389
293,Amman,West,182,3,3,0.8,116947
294,Amman,West,146,2,2,1.6,87361
295,Amman,West,152,2,3,1.2,92442
296,Amman,West,164,3,3,1.8,101907
297,Amman,West,128,2,2,1.4,78104
298,Amman,West,145,2,2,1.3,87141
299,Amman,West,142,2,2,2.1,88191
300,Amman,West,168,3,3,2.5,107008
301,Amman,West,128,2,2,1.4,78404
302,Amman,West,100,2,2,2.8,59713
303,Amman,West,125,2,2,1.6,77111
304,Amman,West,112,2,2,1.7,67454
305,Amman,West,125,2,2,1.6,76292
306,Amman,West,96,1,2,0.6,53157
307,Amman,West,85,1,2,0.4,51246
308,Amman,West,128,2,2,0.2,80646
309,Amman,West,218,4,4,0.4,143259
310,Amman,West,125,3,2,0.8,76414
311,Amman,West,235,4,4,1.1,140000
312,Amman,West,206,4,3,1.4,125000
313,Amman,West,125,2,2,1.6,76390
314,Amman,West,148,2,2,0.8,88839
315,Amman,West,168,3,3,0.9,104784
316,Amman,West,189,3,4,1.5,135000
317,Amman,West,158,2,3,0.1,102962
318,Amman,West,168,3,3,0.6,104705
319,Amman,West,175,3,3,3.3,108642
320,Amman,West,172,3,3,3.4,106780
321,Amman,West,163,2,3,2.8,99446
322,Amman,West,158,3,3,1.8,97693
323,Amman,West,174,3,3,1.4,109002
324,Amman,West,125,2,2,3.6,76931
325,Amman,West,138,2,2,1.7,85667
326,Amman,West,145,3,2,3.8,88079
327,Amman,West,146,2,2,2.8,87458
328,Amman,West,182,3,3,1.4,115243
329,Amman,West,174,2,3,2.5,109054
330,Amman,West,165,3,3,1.7,103026
331,Amman,West,125,2,2,2.6,76871
332,Amman,West,148,2,3,1.4,87813
333,Amman,West,164,3,3,1.1,101825
334,Amman,West,125,2,2,1.8,75832
335,Amman,West,162,3,3,1.6,100160
336,Amman,West,152,2,3,1.7,92354
337,Amman,West,145,2,2,0.4,88624
338,Amman,West,153,2,3,0.6,96221
339,Amman,West,178,3,3,0.7,111097
340,Amman,West,169,3,3,0.4,106913
341,Amman,West,154,2,3,0.3,94153
342,Amman,West,185,3,3,0.7,100000
343,Amman,West,125,2,2,0.4,90641
344,Amman,West,120,2,2,0.2,74551
345,Amman,West,110,2,2,1.8,64948
346,Amman,West,88,1,2,1.7,53547
347,Amman,West,95,2,2,0.8,55784
348,Amman,West,145,2,2,0.8,87645
349,Amman,West,102,2,2,0.4,61767
350,Amman,West,120,2,2,0.6,76368
351,Amman,West,156,3,3,0.9,97294
352,Amman,West,142,3,2,1.6,85158
353,Amman,West,168,3,3,1.5,109000
354,Amman,West,195,4,3,1.8,140471
355,Amman,West,186,3,3,1.6,135000
356,Amman,West,195,3,4,1.7,123880
357,Amman,West,182,4,3,3.8,116058
358,Amman,West,196,4,3,1.5,188000
359,Amman,West,142,2,2,1.2,84842
360,Amman,West,156,3,3,3.5,96180
361,Amman,West,152,2,3,1.6,92435
362,Amman,West,135,2,2,2.5,87643
363,Amman,West,147,2,3,2.2,88220
364,Amman,West,185,3,3,1.1,117569
365,Amman,West,196,3,4,2.1,142000
366,Amman,West,88,1,2,0.8,60865
367,Amman,West,175,3,3,0.9,109436
368,Amman,West,180,2,3,0.4,115985
369,Amman,West,108,2,2,0.6,64580
370,Amman,West,167,3,3,0.7,104231
371,Amman,West,163,2,3,0.5,101268
372,Amman,West,142,2,2,0.4,85550
373,Amman,West,135,2,2,0.8,84470
374,Amman,West,142,2,2,0.6,86219
375,Amman,West,138,2,2,0.7,91346
376,Amman,West,146,2,3,0.6,88659
377,Amman,West,157,2,3,3.2,96985
378,Amman,West,132,2,2,0.4,82544
379,Amman,West,125,2,2,3.5,76139
380,Amman,West,146,2,3,3.4,87098
381,Amman,West,152,2,3,0.2,91879
382,Amman,West,130,2,2,0.7,81341
383,Amman,West,120,2,2,0.8,70966
384,Amman,West,96,1,2,1.1,56516
385,Amman,West,65,1,1,1.6,39950
386,Zarqa,North,144,3,3,1.5,41688
387,Zarqa,North,139,2,2,3.8,66888
388,Zarqa,North,145,2,3,1.4,42164
389,Zarqa,North,258,5,4,1.3,85677
390,Zarqa,North,144,2,2,1.4,41905
391,Zarqa,North,128,2,2,2.2,35494
392,Zarqa,North,168,2,3,1.4,56529
393,Zarqa,North,184,3,3,1.3,63695
394,Zarqa,North,165,3,3,2.5,55474
395,Zarqa,North,145,2,2,2.4,41735
396,Zarqa,North,168,3,3,1.1,56425
397,Zarqa,North,146,2,2,1.6,42503
398,Zarqa,North,110,2,2,0.2,30648
399,Zarqa,North,112,2,2,0.7,33670
400,Zarqa,North,98,1,2,0.7,19579
401,Zarqa,North,125,2,2,0.8,35121
402,Zarqa,North,147,2,2,0.9,46496
403,Zarqa,North,162,2,3,1.1,52014
404,Zarqa,North,142,2,2,1.6,41338
405,Zarqa,North,115,2,2,1.8,30828
406,Zarqa,North,120,2,2,3.5,34009
407,Zarqa,North,140,2,2,3.6,40659
408,Zarqa,North,112,2,2,1.5,29996
409,Zarqa,North,103,2,2,3.9,28417
410,Zarqa,North,112,2,2,2.5,31261
411,Zarqa,North,106,2,2,2.4,29699
412,Zarqa,North,98,2,2,3.2,28281
413,Zarqa,North,114,2,2,4.1,32173
414,Zarqa,North,125,2,2,2.1,35155
415,Zarqa,North,170,3,3,2.2,58057
416,Zarqa,North,125,2,2,2.2,34313
417,Zarqa,North,165,3,3,1.2,55312
418,Zarqa,North,153,2,3,3.5,45238
419,Zarqa,North,142,2,2,2.1,41849
420,Zarqa,North,153,2,2,1.5,45627
421,Zarqa,North,162,3,3,2.2,52952
422,Zarqa,North,120,2,2,1.4,33384
423,Zarqa,North,135,2,2,1.2,39627
424,Zarqa,North,151,2,2,3.2,45218
425,Zarqa,North,142,2,2,2.5,42448
426,Zarqa,North,112,2,2,3.5,31882
427,Zarqa,North,108,2,2,2.3,29793
428,Zarqa,North,136,2,2,3.2,39179
429,Zarqa,North,154,2,3,3.3,46475
430,Zarqa,North,125,2,2,3.6,47023
431,Zarqa,North,127,2,2,4.5,36046
432,Zarqa,North,135,2,2,3.5,39247
433,Zarqa,North,109,2,2,2.3,30001
434,Zarqa,North,112,2,2,3.8,31130
435,Zarqa,North,110,2,2,3.7,30735
436,Zarqa,North,110,2,2,3.8,30527
437,Zarqa,North,125,2,2,3.5,35390
438,Zarqa,North,124,2,2,2.8,34328
439,Zarqa,North,126,2,2,2.4,35294
440,Zarqa,North,128,2,2,1.6,35247
441,Zarqa,North,136,3,2,3.8,39443
442,Zarqa,North,148,3,3,3.4,42891
443,Zarqa,North,125,2,2,2.6,36475
444,Zarqa,North,145,2,2,3.8,41821
445,Zarqa,North,136,2,2,2.4,39868
446,Zarqa,North,145,2,2,2.6,42180
447,Zarqa,North,128,2,2,2.4,36933
448,Zarqa,North,211,3,4,1.9,71443
449,Zarqa,East,161,2,3,1.9,44780
450,Zarqa,East,125,2,2,0.8,29406
451,Zarqa,East,108,1,2,0.8,29051
452,Zarqa,East,136,3,2,0.4,37586
453,Zarqa,East,128,2,2,0.6,35027
454,Zarqa,East,154,2,3,0.7,43132
455,Zarqa,East,105,2,2,1.2,28312
456,Zarqa,East,155,3,3,1.1,43310
457,Zarqa,East,124,2,2,1.5,32825
458,Zarqa,East,105,2,2,1.1,29635
459,Zarqa,East,88,1,2,1,19782
460,Zarqa,East,165,2,3,2,45469
461,Zarqa,East,125,2,2,1.2,34459
462,Zarqa,East,142,3,2,1.1,38712
463,Zarqa,East,132,2,2,1,36997
464,Zarqa,East,125,2,2,2.4,32852
465,Zarqa,East,136,2,2,1.2,38120
466,Zarqa,East,112,2,2,1.4,26667
467,Zarqa,East,110,2,2,1.1,30079
468,Zarqa,East,154,2,3,0.8,43332
469,Zarqa,East,128,2,2,0.7,36451
470,Zarqa,East,120,2,2,0.6,31857
471,Zarqa,East,136,2,2,1.1,37950
472,Zarqa,East,142,2,2,0.3,39838
473,Zarqa,East,110,2,2,0.7,29688
474,Zarqa,East,136,2,2,0.8,38126
475,Zarqa,East,125,2,2,0.4,33652
476,Zarqa,East,112,2,2,0.6,30420
477,Zarqa,East,136,2,2,0.5,37709
478,Zarqa,East,118,2,2,0.1,32322
479,Zarqa,East,120,2,2,0.1,34462
480,Zarqa,East,165,2,3,0.4,47053
481,Zarqa,East,110,2,2,0.3,29835
482,Zarqa,East,100,1,2,0.8,28430
483,Zarqa,East,136,2,2,1.4,37556
484,Zarqa,East,110,2,2,1.1,29899
485,Zarqa,East,98,1,2,1.5,22285
486,Zarqa,East,85,1,2,3.2,23969
487,Zarqa,South,135,2,2,1.1,37001
488,Zarqa,South,112,2,2,2.8,31881
489,Zarqa,South,110,2,2,2.4,29859
490,Zarqa,South,110,2,2,1.6,27469
491,Zarqa,South,130,2,2,1.2,35502
492,Zarqa,South,164,3,3,1.4,46389
493,Zarqa,South,128,2,2,1.5,34164
494,Zarqa,South,188,4,3,1.2,52210
495,Zarqa,South,96,1,2,0.3,20595
496,Zarqa,South,88,1,2,0.5,22105
497,Zarqa,South,162,3,3,0.4,47693
498,Zarqa,South,125,2,2,1.3,34193
499,Zarqa,South,114,2,2,1.7,31793
500,Zarqa,South,108,1,2,1.9,29110
501,Zarqa,South,132,2,2,1.6,36851
502,Zarqa,South,126,2,2,0.3,34877
503,Zarqa,South,125,2,2,1.6,34420
504,Zarqa,South,118,2,2,1.4,31272
505,Zarqa,South,163,2,3,1.6,45977
506,Zarqa,South,125,2,2,0.3,34439
507,Zarqa,South,136,2,2,0.7,37512
508,Zarqa,South,148,2,3,0.5,41587
509,Zarqa,South,142,2,2,1.2,39063
510,Zarqa,South,163,2,3,1,46529
511,Zarqa,South,210,3,4,1.3,57870
512,Zarqa,South,125,2,2,2.1,34567
513,Zarqa,South,126,2,2,3.5,34865
514,Zarqa,South,201,3,4,0.5,85142
515,Zarqa,South,136,2,2,2,38670
516,Zarqa,South,156,2,3,1.4,43796
517,Zarqa,South,165,2,3,1,46527
518,Zarqa,South,178,3,3,1.1,48830
519,Zarqa,South,120,2,2,3.3,31889
520,Zarqa,South,110,2,2,1.2,29787
521,Zarqa,South,123,2,2,0.5,33633
522,Zarqa,South,102,1,2,0.4,39812
523,Zarqa,South,108,2,2,0.3,29291
524,Zarqa,South,96,1,2,0.8,26792
525,Zarqa,South,114,2,2,0.7,30240
526,Zarqa,South,136,2,2,0.2,39542
527,Zarqa,South,142,2,2,0.9,40822
528,Zarqa,South,152,3,3,1.1,42090
529,Zarqa,South,130,2,2,0.4,37550
530,Zarqa,South,150,3,3,0.2,43716
531,Zarqa,South,120,2,2,0.8,32699
532,Zarqa,South,124,2,2,1.4,33000
533,Zarqa,South,128,2,2,1.6,35763
534,Zarqa,South,139,2,2,1.6,38860
535,Zarqa,South,124,2,2,1.5,33330
536,Zarqa,South,147,2,3,1.4,46890
537,Zarqa,South,152,2,2,1.6,43325
538,Zarqa,South,120,2,2,1.8,32961
539,Zarqa,West,109,2,2,2.5,30752
540,Zarqa,West,96,1,2,1.2,29106
541,Zarqa,West,110,2,2,1.4,31636
542,Zarqa,West,125,2,2,1.2,35962
543,Zarqa,West,123,2,2,1.3,34040
544,Zarqa,West,110,2,2,1.5,25010
545,Zarqa,West,168,2,3,0.5,53775
546,Zarqa,West,185,3,3,1.6,59642
547,Zarqa,West,125,2,2,1.4,35675
548,Zarqa,West,136,2,2,0.5,40318
549,Zarqa,West,147,2,3,0.6,36128
550,Zarqa,West,100,1,2,0.7,28829
551,Zarqa,West,101,2,2,0.4,29936
552,Zarqa,West,112,2,2,0.1,33386
553,Zarqa,West,135,2,2,0.6,40275
554,Zarqa,West,125,2,2,0.8,36991
555,Zarqa,West,114,2,2,0.4,39097
556,Zarqa,West,128,2,2,0.7,35137
557,Zarqa,West,134,2,2,0.6,38482
558,Zarqa,West,164,3,3,0.1,54771
559,Zarqa,West,184,4,3,0.4,60636
560,Zarqa,West,102,2,2,0.4,30422
561,Zarqa,West,108,2,2,0.6,31870
562,Zarqa,West,110,2,2,0.4,29888
563,Zarqa,West,110,2,2,1.1,30914
564,Zarqa,West,109,1,2,1.6,31314
565,Zarqa,West,115,2,2,1.2,32021
566,Zarqa,West,135,3,2,2.2,28189
567,Zarqa,West,114,2,2,2.3,32560
568,Zarqa,West,108,2,2,3.5,30416
569,Zarqa,West,135,2,2,1.2,40718
570,Zarqa,West,108,2,2,1.2,32078
571,Zarqa,West,117,2,2,1.5,33417
572,Zarqa,West,125,2,2,0.6,36222
573,Zarqa,West,138,2,2,0.8,41317
574,Zarqa,West,149,3,2,0.4,44023
575,Zarqa,West,115,2,2,0.6,31843
576,Zarqa,West,85,1,2,0.9,26372
577,Zarqa,West,117,2,2,1.2,33097
578,Zarqa,West,132,2,2,1.5,26863
579,Zarqa,West,125,2,2,1,36357
580,Zarqa,West,142,2,2,2.3,41414
581,Zarqa,West,163,3,3,2.5,51359
582,Zarqa,West,142,2,3,1.6,41977
583,Zarqa,West,201,4,3,1.4,51536
584,Zarqa,West,125,2,2,1.2,37338
585,Zarqa,West,136,2,2,1.5,39391
586,Zarqa,West,152,2,3,1.5,45331
587,Zarqa,West,136,2,2,1.2,40074
588,Zarqa,West,128,2,2,2.2,40625
589,Zarqa,West,102,2,2,2.1,29422
590,Zarqa,West,154,3,2,1.5,45833
591,Zarqa,West,109,2,2,1.6,30951
592,Zarqa,West,125,2,2,1.4,35418
593,Zarqa,West,136,2,2,1.1,39868
594,Zarqa,West,120,2,2,1,33714
595,Zarqa,West,90,1,2,1.5,25765
596,Zarqa,West,158,2,2,1.4,50300
597,Zarqa,West,136,2,2,1.4,39492
598,Zarqa,West,78,1,2,1.3,18888
599,Zarqa,West,105,2,2,1.4,30573
600,Zarqa,West,136,2,2,1.2,40631
601,Zarqa,West,108,1,2,1.5,32014
602,Zarqa,West,112,2,2,1.2,32852
603,Zarqa,West,110,2,2,1.4,31484
604,Zarqa,West,136,2,2,1.2,39293
605,Zarqa,West,125,2,2,1.1,36043
606,Zarqa,West,136,2,2,1.3,39648
607,Zarqa,West,142,2,2,1.5,29716
608,Zarqa,West,185,3,3,1.4,59777
609,Zarqa,West,126,2,2,1.5,36535
610,Zarqa,West,102,2,2,1.4,29350
611,Zarqa,West,145,2,3,1.4,40792
612,Zarqa,West,126,2,2,1.6,37088
613,Zarqa,West,102,2,2,1.5,29441
614,Zarqa,West,142,3,2,1.2,41639
615,Zarqa,West,132,2,2,1.7,38468
616,Zarqa,West,120,2,2,1.6,34313
617,Zarqa,West,112,2,2,0.8,31676
618,Zarqa,West,108,2,2,1.3,30928
619,Zarqa,West,106,1,2,0.7,37697
620,Zarqa,West,104,2,2,0.8,30142
621,Zarqa,West,115,2,2,0.2,32957
622,Zarqa,West,120,2,2,0.9,33982
623,Irbid,North,164,3,3,0.7,45513
624,Irbid,North,125,2,2,0.3,34802
625,Irbid,North,146,3,2,1.3,40340
626,Irbid,North,127,2,2,1,33954
627,Irbid,North,154,2,2,2.5,43655
628,Irbid,North,154,2,3,2.3,43081
629,Irbid,North,136,2,2,1.4,37463
630,Irbid,North,125,2,2,0.8,34462
631,Irbid,North,131,2,2,2,34755
632,Irbid,North,102,2,2,1.4,26744
633,Irbid,North,105,1,2,1.2,28499
634,Irbid,North,100,1,2,1.3,32999
635,Irbid,North,125,2,2,1.5,33198
636,Irbid,North,123,2,2,0.8,32350
637,Irbid,North,120,2,2,1.4,32780
638,Irbid,North,126,2,2,1.6,34825
639,Irbid,North,125,2,2,1.2,34118
640,Irbid,North,126,2,2,1.1,34421
641,Irbid,North,140,2,2,2,30791
642,Irbid,North,136,2,2,2.2,36169
643,Irbid,North,128,2,2,1.3,34377
644,Irbid,North,126,2,2,1.4,34368
645,Irbid,North,114,2,2,0.8,29774
646,Irbid,North,129,2,2,1.6,35245
647,Irbid,North,123,2,2,1.4,31846
648,Irbid,North,136,2,2,1.8,32686
649,Irbid,North,145,3,2,2.6,39383
650,Irbid,North,120,2,2,3.5,31591
651,Irbid,North,112,1,2,3.5,30157
652,Irbid,North,110,2,2,2.4,30140
653,Irbid,North,151,3,2,3.8,42044
654,Irbid,North,110,2,2,3.4,29634
655,Irbid,North,112,2,2,4.2,29086
656,Irbid,North,108,1,2,3.5,29445
657,Irbid,North,135,2,2,2.8,36300
658,Irbid,North,124,1,2,1.7,32170
659,Irbid,North,98,2,2,3.2,27194
660,Irbid,North,108,2,2,1.4,28378
661,Irbid,North,88,1,2,3.6,23838
662,Irbid,North,105,2,2,2.8,28370
663,Irbid,North,116,2,2,2.9,30255
664,Irbid,North,65,1,1,2.7,19357
665,Irbid,North,125,2,2,3.4,33938
666,Irbid,North,112,2,2,3.6,29116
667,Irbid,North,108,2,2,2.4,30145
668,Irbid,North,114,2,2,2.8,29232
669,Irbid,North,165,3,3,1.8,48386
670,Irbid,East,147,2,3,3.5,59902
671,Irbid,East,135,2,2,4.5,54439
672,Irbid,East,146,2,2,3.2,59925
673,Irbid,East,210,4,3,2.4,91762
674,Irbid,East,105,2,2,2.1,37003
675,Irbid,East,125,2,2,1.3,46156
676,Irbid,East,204,3,4,1.1,90823
677,Irbid,East,115,2,2,0.4,40495
678,Irbid,East,131,2,2,0.5,51719
679,Irbid,East,125,2,2,0.4,47814
680,Irbid,East,118,1,2,0.3,41936
681,Irbid,East,134,2,2,1.1,51359
682,Irbid,East,115,2,2,2.1,39435
683,Irbid,East,124,3,2,1.1,43583
684,Irbid,East,131,2,2,0.5,46775
685,Irbid,East,124,2,2,0.1,46464
686,Irbid,East,135,2,2,0.3,56030
687,Irbid,East,126,2,2,0.1,50495
688,Irbid,East,148,2,3,0.5,60387
689,Irbid,East,167,3,3,0.4,62086
690,Irbid,East,154,3,3,0.4,64429
691,Irbid,East,136,2,2,1.1,55089
692,Irbid,East,135,2,2,1.1,55175
693,Irbid,East,146,2,2,1.8,62165
694,Irbid,East,154,3,3,1.8,46768
695,Irbid,East,128,2,2,1.6,46777
696,Irbid,East,154,2,2,1.8,63522
697,Irbid,East,164,3,3,2.1,69946
698,Irbid,East,125,2,2,1.1,48123
699,Irbid,East,100,2,2,1.4,37000
700,Irbid,East,125,2,2,0.6,47935
701,Irbid,East,124,2,2,0.8,44934
702,Irbid,East,108,1,2,0.7,37923
703,Irbid,East,136,3,2,0.1,58232
704,Irbid,East,127,2,2,0.6,47646
705,Irbid,East,124,2,2,0.4,60819
706,Irbid,East,129,2,2,0.8,50466
707,Irbid,East,124,2,2,0.4,44270
708,Irbid,East,139,2,2,0.3,56955
709,Irbid,East,134,3,2,0.8,52965
710,Irbid,East,145,3,2,0.4,50290
711,Irbid,East,164,4,3,1.1,79285
712,Irbid,East,154,2,3,1.4,63004
713,Irbid,East,135,2,2,1.6,53754
714,Irbid,East,124,2,2,1.4,44862
715,Irbid,East,146,2,2,1.6,57830
716,Irbid,East,168,2,3,1.8,74256
717,Irbid,East,164,3,3,2.1,69752
718,Irbid,East,128,2,2,1.2,48580
719,Irbid,East,134,2,2,1.4,69526
720,Irbid,East,143,2,2,0.8,57943
721,Irbid,East,164,3,3,0.7,70420
722,Irbid,East,127,2,2,0.6,47879
723,Irbid,East,172,3,3,1.1,75777
724,Irbid,East,134,2,2,2.1,66640
725,Irbid,East,134,2,2,1.4,52038
726,Irbid,East,162,2,3,1.3,69802
727,Irbid,East,142,3,2,1.5,58477
728,Irbid,East,163,3,3,2.1,80353
729,Irbid,East,128,2,2,1.6,46604
730,Irbid,East,140,2,3,1.4,55624
731,Irbid,East,136,2,2,0.8,55189
732,Irbid,East,125,2,2,1.1,47813
733,Irbid,East,125,3,2,0.6,47843
734,Irbid,East,120,2,2,0.6,43571
735,Irbid,East,143,2,2,1.1,71802
736,Irbid,East,153,2,3,1.8,62120
737,Irbid,East,120,2,2,1.1,43233
738,Irbid,East,115,2,2,2.1,40315
739,Irbid,East,110,2,2,1.4,39139
740,Irbid,East,125,2,2,1.6,47372
741,Irbid,East,108,1,2,1.8,38685
742,Irbid,East,106,1,2,0.6,36868
743,Irbid,East,114,2,2,0.6,39272
744,Irbid,East,152,2,2,0.7,69964
745,Irbid,East,103,2,2,0.7,35997
746,Irbid,East,106,1,2,0.5,38154
747,Irbid,East,112,2,2,1.4,37714
748,Irbid,East,142,2,3,0.4,57988
749,Irbid,East,135,2,2,1.1,54551
750,Irbid,East,142,2,2,1.2,57791
751,Irbid,East,136,2,2,0.8,54594
752,Irbid,East,125,2,2,0.4,46454
753,Irbid,East,136,2,2,0.6,66954
754,Irbid,East,125,2,2,0.5,45946
755,Irbid,East,142,2,3,0.7,56381
756,Irbid,East,120,2,2,1.1,42318
757,Irbid,East,131,2,2,1.6,51523
758,Irbid,East,120,2,2,1.4,43011
759,Irbid,East,136,2,2,1.5,55468
760,Irbid,East,124,2,2,1.4,44805
761,Irbid,East,125,2,2,1.9,46385
762,Irbid,East,136,2,2,1.2,54729
763,Irbid,East,180,3,3,1.2,107171
764,Irbid,East,126,2,2,1,46719
765,Irbid,East,142,2,2,2.2,57262
766,Irbid,East,136,2,2,2.4,53331
767,Irbid,East,142,2,3,1.4,57730
768,Irbid,East,120,2,2,3.3,41923
769,Irbid,East,135,2,2,1.1,66152
770,Irbid,East,125,2,2,2.5,46362
771,Irbid,East,120,2,2,1.4,42551
772,Irbid,East,136,3,2,3.6,55016
773,Irbid,East,142,2,2,1.1,57072
774,Irbid,East,152,3,3,2.1,61379
775,Irbid,East,142,2,3,2.4,57207
776,Irbid,East,156,2,2,1.2,67766
777,Irbid,East,159,2,3,0.8,66482
778,Irbid,East,142,2,2,0.4,56624
779,Irbid,East,138,2,2,0.6,51972
780,Irbid,East,128,2,2,0.1,49617
781,Irbid,East,139,2,2,0.1,58746
782,Irbid,East,128,2,2,0.5,48685
783,Irbid,East,140,2,2,0.2,57711
784,Irbid,East,120,2,2,0.5,43111
785,Irbid,East,145,2,2,0.1,61341
786,Irbid,East,112,2,2,0.1,41145
787,Irbid,East,135,2,2,0.1,57912
788,Irbid,East,112,2,2,0.3,39416
789,Irbid,East,110,2,2,0.4,38282
790,Irbid,East,108,2,2,0.4,39226
791,Irbid,East,106,2,2,0.8,37472
792,Irbid,East,102,1,2,0.7,36844
793,Irbid,East,108,2,2,0.6,37914
794,Irbid,East,115,2,2,0.2,40830
795,Irbid,East,114,2,2,0.5,40021
796,Irbid,East,106,2,2,0.4,37207
797,Irbid,East,113,2,2,0.3,39442
798,Irbid,East,104,2,2,0.8,36409
799,Irbid,East,118,2,2,0.1,43401
800,Irbid,East,109,2,2,1.1,37682
801,Irbid,East,112,2,2,0.7,37185
802,Irbid,East,89,1,1,1.2,32620
803,Irbid,East,108,2,2,0.1,40902
804,Irbid,East,115,2,2,0.6,39970
805,Irbid,East,163,3,3,0.4,70773
806,Irbid,East,182,3,3,0.6,83896
807,Irbid,East,143,2,2,0.8,57310
808,Irbid,East,120,2,2,1.1,42233
809,Irbid,East,88,2,2,0.4,31929
810,Irbid,East,136,2,2,0.3,56004
811,Irbid,East,128,2,2,0.4,47916
812,Irbid,East,112,2,2,0.8,39462
813,Irbid,East,100,1,2,1.9,35958
814,Irbid,East,140,2,3,1.3,56826
815,Irbid,East,120,2,2,0.7,43804
816,Irbid,South,125,2,2,0.6,35809
817,Irbid,South,120,2,2,1.1,33844
818,Irbid,South,136,2,2,0.8,39921
819,Irbid,South,124,2,2,1.1,34453
820,Irbid,South,115,2,2,0.6,33156
821,Irbid,South,108,2,2,0.4,31409
822,Irbid,South,118,2,2,0.1,35249
823,Irbid,South,165,3,3,0.5,89711
824,Irbid,South,124,2,2,0.5,35595
825,Irbid,South,120,2,2,1.6,33588
826,Irbid,South,136,2,2,1.8,40404
827,Irbid,South,129,2,2,1.4,37873
828,Irbid,South,148,2,2,2.5,41572
829,Irbid,South,120,2,2,3.6,32852
830,Irbid,South,125,2,2,2.4,34991
831,Irbid,South,136,2,2,3.8,39875
832,Irbid,South,108,2,2,4.9,30132
833,Irbid,South,109,2,2,2.5,31906
834,Irbid,South,114,2,2,2.4,32581
835,Irbid,South,105,2,2,3.5,26899
836,Irbid,South,136,2,2,3.6,39984
837,Irbid,South,105,2,2,3.8,29832
838,Irbid,South,126,2,2,3.4,36549
839,Irbid,South,105,2,2,3.8,29445
840,Irbid,South,103,1,2,1.5,31275
841,Irbid,South,108,1,2,3.5,31043
842,Irbid,South,114,2,2,2.8,32057
843,Irbid,South,105,1,2,4.2,24032
844,Irbid,South,106,1,2,3.5,29537
845,Irbid,South,114,2,2,3.5,32353
846,Irbid,South,125,2,2,4.5,35218
847,Irbid,South,136,2,2,3.5,38607
848,Irbid,South,185,3,3,3.4,53881
849,Irbid,South,145,2,2,3.5,40627
850,Irbid,South,163,2,3,2.5,46790
851,Irbid,South,175,2,3,3.6,59683
852,Irbid,South,120,2,2,3.5,34594
853,Irbid,South,163,1,1,2.8,47227
854,Irbid,South,178,3,3,3.4,51177
855,Irbid,South,152,2,3,2.5,43273
856,Irbid,South,142,2,2,1.5,41524
857,Irbid,South,165,2,3,0.9,47935
858,Irbid,South,105,1,2,1.4,30478
859,Irbid,South,99,1,2,3.5,19330
860,Irbid,South,180,3,3,2.4,53101
861,Irbid,South,136,2,2,4.8,40355
862,Irbid,South,145,2,2,2.4,41766
863,Irbid,South,182,3,3,3.2,53489
864,Irbid,South,76,1,1,2.8,23885
865,Irbid,South,102,2,2,1.6,30560
866,Irbid,South,145,2,2,2.4,40780
867,Irbid,South,136,2,2,1.5,40646
868,Irbid,South,125,2,2,1.4,36150
869,Irbid,South,140,2,2,3.8,37528
870,Irbid,West,105,2,2,2.4,30242
871,Irbid,West,125,2,2,1.5,37300
872,Irbid,West,125,2,2,3.2,36124
873,Irbid,West,136,2,2,1.5,39434
874,Irbid,West,105,1,2,1.1,30612
875,Irbid,West,104,1,2,0.8,30156
876,Irbid,West,108,2,2,0.8,31248
877,Irbid,West,115,2,2,0.4,33187
878,Irbid,West,136,2,2,0.6,39963
879,Irbid,West,125,2,2,1.6,36529
880,Irbid,West,114,2,2,2.1,32853
881,Irbid,West,163,2,3,1.2,47026
882,Irbid,West,145,2,2,1.5,41376
883,Irbid,West,125,2,2,0.8,36093
884,Irbid,West,131,2,2,2.5,37930
885,Irbid,West,125,2,2,0.9,35990
886,Irbid,West,145,2,2,0.8,41516
887,Irbid,West,136,2,2,1.1,39915
888,Irbid,West,125,2,2,0.1,37337
889,Irbid,West,131,2,2,0.5,37949
890,Irbid,West,125,2,2,0.4,37146
891,Irbid,West,136,2,2,0.4,46506
892,Irbid,West,102,2,2,0.6,30085
893,Irbid,West,150,2,2,0.9,43028
894,Irbid,West,120,2,2,0.7,34392
895,Irbid,West,130,2,2,0.8,38247
896,Irbid,West,145,2,2,0.8,39440
897,Irbid,West,125,2,2,0.8,35819
898,Irbid,West,136,2,2,1.1,38502
899,Irbid,West,136,2,2,0.5,39352
900,Irbid,West,125,2,2,0.4,36555
901,Irbid,West,124,2,2,1.1,34300
902,Irbid,West,182,4,3,1.6,53063
903,Irbid,West,105,2,2,0.8,29567
904,Irbid,West,126,2,2,1.2,36239
905,Irbid,West,145,2,2,0.5,42171
906,Irbid,West,108,2,2,0.3,31689
907,Irbid,West,130,2,2,0.4,37501
908,Irbid,West,136,2,2,0.2,39543
909,Irbid,West,109,2,2,0.8,31023
910,Irbid,West,182,3,3,2.2,55112
911,Irbid,West,210,4,3,0.1,63024
912,Irbid,West,205,3,4,0.6,66099
913,Irbid,West,136,2,2,0.4,39520
914,Irbid,West,114,2,2,0.2,32183
915,Irbid,West,165,3,3,0.8,47464
916,Irbid,West,134,3,2,0.9,38288
917,Irbid,West,128,2,2,0.4,37017
918,Irbid,West,120,2,2,1.1,32996
919,Irbid,West,145,3,2,0.1,43110
920,Irbid,West,163,3,3,0.3,47887
921,Irbid,West,152,3,2,0.4,44489
922,Irbid,West,142,3,3,1.2,41034
923,Irbid,West,125,2,2,0.1,37296
924,Mafraq,North,140,2,2,1,38150
925,Mafraq,North,163,3,3,0.1,46781
926,Mafraq,North,145,2,2,0.5,40568
927,Mafraq,North,120,2,2,0.6,31744
928,Mafraq,North,88,2,2,1.6,25097
929,Mafraq,North,196,4,3,2.4,52785
930,Mafraq,North,152,3,2,2.8,42499
931,Mafraq,North,142,2,2,1.1,39053
932,Mafraq,North,143,2,2,0.8,39216
933,Mafraq,North,102,2,2,0.6,27596
934,Mafraq,North,142,3,2,1.3,38431
935,Mafraq,North,105,2,2,1.4,28886
936,Mafraq,North,183,4,3,0.5,49840
937,Mafraq,North,162,3,3,0.3,39681
938,Mafraq,North,142,2,2,0.8,39210
939,Mafraq,North,105,2,2,1.4,29562
940,Mafraq,North,106,2,2,1.6,30719
941,Mafraq,North,145,2,2,0.2,40067
942,Mafraq,North,130,2,2,0.1,36793
943,Mafraq,North,125,2,2,0.6,34603
944,Mafraq,North,104,2,2,1.2,29710
945,Mafraq,North,120,2,2,3.2,33349
946,Mafraq,North,135,2,2,4.5,37295
947,Mafraq,North,108,2,2,3.6,28342
948,Mafraq,North,111,2,2,2.8,29642
949,Mafraq,North,110,2,2,2.8,30819
950,Mafraq,North,123,3,2,2.4,32616
951,Mafraq,North,114,2,2,3.5,32002
952,Mafraq,North,125,2,2,1.9,33697
953,Mafraq,East,142,2,2,1.4,37886
954,Mafraq,East,140,2,2,2.5,36417
955,Mafraq,East,125,2,2,2.4,34032
956,Mafraq,East,109,2,2,3.8,29863
957,Mafraq,East,88,1,1,4.6,23583
958,Mafraq,East,142,2,2,2.4,38178
959,Mafraq,East,105,2,2,3.6,27946
960,Mafraq,East,132,3,2,2.5,36592
961,Mafraq,East,142,3,2,3.4,36937
962,Mafraq,East,136,2,2,4,35419
963,Mafraq,East,142,2,2,2.5,37163
964,Mafraq,East,125,2,2,2.6,33794
965,Mafraq,East,132,3,2,2.8,35195
966,Mafraq,East,142,2,2,1.4,37843
967,Mafraq,East,105,2,2,1.6,27815
968,Mafraq,East,120,2,2,0.8,31801
969,Mafraq,East,134,2,2,2.4,35147
970,Mafraq,East,105,2,2,0.6,28117
971,Mafraq,East,112,2,2,0.8,29363
972,Mafraq,East,110,2,2,1.4,28110
973,Mafraq,East,142,2,2,0.6,36844
974,Mafraq,East,175,4,3,2.8,46921
975,Mafraq,East,132,2,2,3.5,36008
976,Mafraq,East,105,2,2,2.4,29278
977,Mafraq,East,120,2,2,3.6,36720
978,Mafraq,East,56,1,2,4.8,18024
979,Mafraq,East,145,2,3,3.5,38823
980,Mafraq,East,123,2,2,2.4,31190
981,Mafraq,East,142,3,2,3.6,36979
982,Mafraq,East,178,4,3,2.5,46911
983,Mafraq,East,210,4,3,1.6,55394
984,Mafraq,East,125,2,2,2.8,33722
985,Mafraq,East,124,2,2,1.4,31334
986,Mafraq,East,145,2,2,1.6,38712
987,Mafraq,East,126,3,2,0.8,34293
988,Mafraq,East,148,2,2,0.9,38339
989,Mafraq,South,136,3,2,2.4,39371
990,Mafraq,South,142,2,2,3.5,40792
991,Mafraq,South,125,2,2,2.4,36382
992,Mafraq,South,128,2,2,2.4,36316
993,Mafraq,South,134,2,2,1.8,38845
994,Mafraq,South,142,2,2,2.4,50012
995,Mafraq,South,163,3,3,3.6,47108
996,Mafraq,South,172,3,3,2.5,49217
997,Mafraq,South,132,2,2,1.6,38327
998,Mafraq,South,142,2,2,2.5,40805
999,Mafraq,South,145,2,2,3.5,41754
1000,Mafraq,South,152,3,2,1.4,44568
1001,Mafraq,South,132,2,2,1.3,37109
1002,Mafraq,South,142,2,2,1.8,41150
1003,Mafraq,South,168,3,3,3.5,49298
1004,Mafraq,South,142,2,2,1.1,40769
1005,Mafraq,South,132,2,2,2.4,37772
1006,Mafraq,South,121,2,2,2.3,33694
1007,Mafraq,South,140,2,2,1.5,40193
1008,Mafraq,South,162,2,3,2.4,47002
1009,Mafraq,South,170,3,3,3.5,49473
1010,Mafraq,South,154,2,2,1.4,43961
1011,Mafraq,South,165,2,3,1.1,48751
1012,Mafraq,South,154,2,2,0.8,45322
1013,Mafraq,South,135,2,2,0.9,53919
1014,Mafraq,South,132,2,2,1.4,38948
1015,Mafraq,South,142,2,2,0.2,42615
1016,Mafraq,South,145,2,2,1.3,41300
1017,Mafraq,South,120,2,2,0.4,34759
1018,Mafraq,South,125,2,2,0.2,37094
1019,Mafraq,South,135,2,2,0.7,39141
1020,Mafraq,South,105,2,2,3.8,29527
1021,Mafraq,South,141,2,2,3.8,39992
1022,Mafraq,South,108,1,2,2.2,30162
1023,Mafraq,South,136,3,2,1.2,39539
1024,Mafraq,South,109,2,2,0.8,32384
1025,Mafraq,South,112,2,2,0.4,32425
1026,Mafraq,South,145,3,2,0.3,42070
1027,Mafraq,South,136,2,2,0.7,38560
1028,Mafraq,South,108,2,2,0.4,31571
1029,Mafraq,South,134,2,2,0.6,38032
1030,Mafraq,South,146,2,2,0.8,41278
1031,Mafraq,South,105,1,2,1.1,30039
1032,Mafraq,South,100,2,2,1.6,29461
1033,Mafraq,South,98,1,2,1.4,21667
1034,Mafraq,South,140,2,2,0.6,40346
1035,Mafraq,South,127,2,2,1.4,34540
1036,Mafraq,South,240,5,4,0.8,70653
1037,Mafraq,South,120,2,2,1.2,34727
1038,Mafraq,South,153,3,3,1.3,44244
1039,Mafraq,South,205,4,3,1.4,60154
1040,Mafraq,South,163,3,3,1.8,46521
1041,Mafraq,South,180,4,3,0.8,53022
1042,Mafraq,South,140,2,2,1.4,40728
1043,Mafraq,South,194,4,3,1.5,55715
1044,Mafraq,South,132,2,2,1.6,38855
1045,Mafraq,South,140,2,2,0.8,30192
1046,Mafraq,South,105,2,2,0.8,30445
1047,Mafraq,South,65,1,1,0.7,21245
1048,Mafraq,South,142,3,2,1.1,40947
1049,Mafraq,South,134,2,2,0.6,38579
1050,Mafraq,South,168,2,3,0.8,48616
1051,Mafraq,South,142,2,2,1.1,40832
1052,Mafraq,South,120,2,2,1.9,34014
1053,Mafraq,South,110,2,2,2.8,30869
1054,Mafraq,South,135,2,2,1.4,38809
1055,Mafraq,South,120,2,2,2.1,34231
1056,Mafraq,South,140,2,2,3.2,41037
1057,Mafraq,South,136,3,2,4.6,39690
1058,Mafraq,South,88,2,2,2.5,27136
1059,Mafraq,South,134,2,2,1.4,38240
1060,Mafraq,South,163,2,3,2.8,46093
1061,Mafraq,South,112,2,2,3.2,26293
1062,Mafraq,South,102,2,2,2.8,30416
1063,Mafraq,South,143,2,2,2.5,41071
1064,Mafraq,South,125,2,2,2.6,36488
1065,Mafraq,West,165,3,3,2.4,47705
1066,Mafraq,West,45,1,1,3.6,16532
1067,Mafraq,West,132,3,2,1.2,37856
1068,Mafraq,West,120,2,2,1.3,32708
1069,Mafraq,West,135,1,2,0.9,39553
1070,Mafraq,West,145,2,2,0.9,41653
1071,Mafraq,West,145,2,2,0.8,41048
1072,Mafraq,West,128,2,2,1,35082
1073,Mafraq,West,168,2,3,0.3,49892
1074,Mafraq,West,214,4,4,0.5,56216
1075,Mafraq,West,136,2,2,0.5,38710
1076,Mafraq,West,175,2,3,1.6,51156
1077,Mafraq,West,163,2,3,0.8,47724
1078,Mafraq,West,125,2,2,1.7,35110
1079,Mafraq,West,120,2,2,0.8,33952
1080,Mafraq,West,134,2,2,1.1,38971
1081,Mafraq,West,175,3,3,0.8,51017
1082,Mafraq,West,136,2,2,1.4,39868
1083,Mafraq,West,142,2,2,3.8,40827
1084,Mafraq,West,136,2,2,1.6,40021
1085,Mafraq,West,175,3,3,1.5,50506
1086,Mafraq,West,134,2,2,2.8,37721
1087,Mafraq,West,164,3,3,2.7,46886
1088,Mafraq,West,152,3,3,3.5,43625
1089,Mafraq,West,123,2,2,3.7,34438
1090,Mafraq,West,152,3,2,2.4,43178
1091,Mafraq,West,142,2,2,1.5,38267
1092,Mafraq,West,131,2,2,2.1,37899
1093,Mafraq,West,145,3,3,0.8,43199
1094,Mafraq,West,170,3,3,0.8,49568
1095,Mafraq,West,182,4,3,0.9,53805
1096,Mafraq,West,165,3,3,1.1,49729
1097,Mafraq,West,46,1,1,0.1,20066
1098,Mafraq,West,173,3,3,0.2,51963
1099,Mafraq,West,131,2,2,0.8,38823
1100,Mafraq,West,145,2,2,1.4,41501
1101,Mafraq,West,132,2,2,1.6,37498
1102,Mafraq,West,143,2,2,2.5,40610
1103,Mafraq,West,135,2,2,1.4,39421
1104,Mafraq,West,165,3,3,1.3,49025
1105,Mafraq,West,121,2,2,1.5,33857
1106,Mafraq,West,132,2,2,1.5,38873
1107,As-Salt,North,140,2,2,3.5,58627
1108,As-Salt,North,143,2,2,2.5,58996
1109,As-Salt,North,124,2,2,2.4,47884
1110,As-Salt,North,115,2,2,1.6,45519
1111,As-Salt,North,131,2,2,2.4,52370
1112,As-Salt,North,140,2,2,0.8,57185
1113,As-Salt,North,136,2,2,0.9,55738
1114,As-Salt,North,185,4,3,1.1,110905
1115,As-Salt,North,132,2,2,0.2,55416
1116,As-Salt,North,136,2,2,0.1,59804
1117,As-Salt,North,122,3,2,0.3,49989
1118,As-Salt,North,114,2,2,0.4,45624
1119,As-Salt,North,105,2,2,0.2,41811
1120,As-Salt,North,189,4,3,0.4,85736
1121,As-Salt,North,105,2,2,0.8,41547
1122,As-Salt,North,132,2,2,1.8,53752
1123,As-Salt,North,145,2,2,0.2,68738
1124,As-Salt,North,120,1,2,0.1,51204
1125,As-Salt,North,135,2,2,0.6,56337
1126,As-Salt,North,147,2,2,0.5,61518
1127,As-Salt,North,165,3,3,0.8,73332
1128,As-Salt,North,142,2,2,1.1,58851
1129,As-Salt,North,135,2,2,1.6,56271
1130,As-Salt,North,142,2,2,0.5,58972
1131,As-Salt,North,163,2,3,1.4,89811
1132,As-Salt,North,102,1,2,2.2,40579
1133,As-Salt,North,118,2,2,1.2,44528
1134,As-Salt,North,109,2,2,0.4,43797
1135,As-Salt,North,165,3,3,0.1,56119
1136,As-Salt,North,104,1,2,0.6,42664
1137,As-Salt,North,89,1,2,0.5,35028
1138,As-Salt,North,143,2,2,0.4,59255
1139,As-Salt,North,105,1,2,0.1,44993
1140,As-Salt,North,110,2,2,0.8,42552
1141,As-Salt,North,113,2,2,1.5,43593
1142,As-Salt,North,125,2,2,1.1,50213
1143,As-Salt,North,110,2,2,1,43278
1144,As-Salt,North,142,3,2,0.2,59760
1145,As-Salt,North,148,3,2,1.2,60883
1146,As-Salt,North,169,3,3,1.4,63972
1147,As-Salt,North,145,2,2,1.1,59375
1148,As-Salt,North,136,2,2,0.8,56731
1149,As-Salt,North,149,3,2,1.3,61231
1150,As-Salt,North,125,2,2,1.5,49818
1151,As-Salt,North,135,2,2,1.1,55197
1152,As-Salt,North,175,3,3,1.3,78892
1153,As-Salt,North,125,2,2,1.8,49267
1154,As-Salt,North,176,3,3,2,78732
1155,As-Salt,North,208,4,3,1.1,93005
1156,As-Salt,North,105,2,2,1.2,41316
1157,As-Salt,North,110,1,2,0.1,46177
1158,As-Salt,North,89,1,2,0.5,36249
1159,As-Salt,North,153,3,2,1.4,64981
1160,As-Salt,North,142,2,2,1.7,57875
1161,As-Salt,North,65,1,1,1.7,27532
1162,As-Salt,North,147,2,2,1.3,60840
1163,As-Salt,North,153,2,3,1.2,65444
1164,As-Salt,North,48,1,1,0.5,22833
1165,As-Salt,East,145,2,2,1.6,50731
1166,As-Salt,East,169,2,3,0.1,78218
1167,As-Salt,East,175,3,3,0.5,77696
1168,As-Salt,East,136,2,2,0.6,56161
1169,As-Salt,East,208,4,3,2.1,93666
1170,As-Salt,East,125,2,2,1.2,50247
1171,As-Salt,East,136,3,2,1.3,55882
1172,As-Salt,East,175,3,3,1.5,77041
1173,As-Salt,East,168,3,3,2.5,75001
1174,As-Salt,East,142,2,2,1.3,59115
1175,As-Salt,East,186,3,3,1.4,84373
1176,As-Salt,East,128,2,2,2.4,50171
1177,As-Salt,East,142,3,2,2.1,58386
1178,As-Salt,East,135,2,2,1.3,56079
1179,As-Salt,East,156,3,3,1.6,69040
1180,As-Salt,East,158,3,3,1.4,70789
1181,As-Salt,East,128,2,2,2.1,50378
1182,As-Salt,East,136,2,2,1.6,56304
1183,As-Salt,East,175,3,3,1.4,77767
1184,As-Salt,East,136,2,2,1.1,55622
1185,As-Salt,East,186,4,3,1.5,84231
1186,As-Salt,East,143,2,2,1.3,59456
1187,As-Salt,East,183,3,3,1.8,86095
1188,As-Salt,East,134,2,2,1.4,54119
1189,As-Salt,East,136,2,2,1.6,57252
1190,As-Salt,East,148,2,2,1.4,60214
1191,As-Salt,East,133,2,2,1.3,54563
1192,As-Salt,East,105,2,2,1.8,41652
1193,As-Salt,East,164,3,3,1.4,82352
1194,As-Salt,East,170,2,3,1.1,74145
1195,As-Salt,East,136,2,2,0.8,58051
1196,As-Salt,East,154,3,3,1.4,66176
1197,As-Salt,East,105,2,2,0.4,41509
1198,As-Salt,East,136,3,2,0.6,56250
1199,As-Salt,East,212,5,4,0.7,96399
1200,As-Salt,East,105,2,2,0.4,41557
1201,As-Salt,East,106,2,2,0.8,41822
1202,As-Salt,East,98,2,2,1.5,38211
1203,As-Salt,East,105,2,2,1.4,39859
1204,As-Salt,East,112,2,2,1.1,43811
1205,As-Salt,East,106,1,2,1.8,42247
1206,As-Salt,East,145,3,2,0.2,60597
1207,As-Salt,East,178,3,3,1.3,78735
1208,As-Salt,East,136,2,2,0.1,60401
1209,As-Salt,East,145,3,2,0.4,59694
1210,As-Salt,East,125,2,2,0.6,49643
1211,As-Salt,East,136,2,2,0.7,56159
1212,As-Salt,East,145,2,2,0.8,59476
1213,As-Salt,East,139,2,2,0.8,56925
1214,As-Salt,East,128,2,2,0.8,52279
1215,As-Salt,East,164,3,3,0.7,72289
1216,As-Salt,East,142,2,2,0.9,58830
1217,As-Salt,East,145,2,2,0.9,60111
1218,As-Salt,East,147,2,3,0.4,60365
1219,As-Salt,South,121,2,2,0.4,41759
1220,As-Salt,South,120,2,2,0.8,41080
1221,As-Salt,South,150,3,2,0.6,56729
1222,As-Salt,South,148,2,3,0.8,52853
1223,As-Salt,South,160,3,3,0.4,63214
1224,As-Salt,South,162,3,3,0.7,62727
1225,As-Salt,South,157,2,3,0.6,61123
1226,As-Salt,South,135,2,2,0.8,49603
1227,As-Salt,South,98,1,2,1.1,34405
1228,As-Salt,South,110,2,2,1.5,36666
1229,As-Salt,South,154,3,3,1.4,57098
1230,As-Salt,South,100,1,2,1.1,34710
1231,As-Salt,South,136,2,2,1.3,47622
1232,As-Salt,South,142,2,2,1.8,50547
1233,As-Salt,South,164,3,3,1.6,62528
1234,As-Salt,South,136,2,2,1.4,48292
1235,As-Salt,South,147,3,3,1.4,52565
1236,As-Salt,South,132,2,2,1.4,46877
1237,As-Salt,South,135,2,2,1.1,47898
1238,As-Salt,South,132,2,2,1.2,47318
1239,As-Salt,South,140,2,2,0.9,49163
1240,As-Salt,South,142,2,3,0.1,53782
1241,As-Salt,South,133,2,2,0.2,48756
1242,As-Salt,South,134,2,2,0.8,48148
1243,As-Salt,West,103,2,2,1.1,35050
1244,As-Salt,West,142,3,2,0.2,53086
1245,As-Salt,West,104,2,2,1.5,30530
1246,As-Salt,West,136,3,2,1.1,49047
1247,As-Salt,West,104,2,2,1.3,36252
1248,As-Salt,West,134,2,2,1.4,47709
1249,As-Salt,West,105,2,2,2.2,35268
1250,As-Salt,West,132,2,2,2.1,46859
1251,As-Salt,West,108,1,2,1.1,36824
1252,As-Salt,West,108,2,2,1.1,35856
1253,As-Salt,West,136,2,2,1,49010
1254,As-Salt,West,109,1,2,0.8,35348
1255,As-Salt,West,214,5,4,2.4,101425
1256,As-Salt,West,125,2,2,1.1,44080
1257,As-Salt,West,85,1,2,0.8,30204
1258,As-Salt,West,165,2,3,0.4,66314
1259,As-Salt,West,146,2,2,0.6,53393
1260,As-Salt,West,130,2,2,1.1,47381
1261,As-Salt,West,48,1,1,1.4,20797
1262,As-Salt,West,145,2,3,2.1,52402
1263,As-Salt,West,136,2,2,1.1,48916
1264,As-Salt,West,178,3,3,1.4,71362
1265,As-Salt,West,159,2,3,0.8,62212
1266,As-Salt,West,146,2,2,1.4,52357
1267,As-Salt,West,182,3,3,0.8,76610
1268,As-Salt,West,136,2,2,1.8,49753
1269,As-Salt,West,188,4,3,1.4,78833
1270,As-Salt,West,193,4,3,1.2,79744
1271,As-Salt,West,132,2,2,1.1,46773
1272,As-Salt,West,164,3,3,1,62666
1273,As-Salt,West,158,2,3,0.9,60289
1274,As-Salt,West,162,3,3,0.9,61494
1275,As-Salt,West,164,3,3,0.4,63331
1276,As-Salt,West,135,2,2,1.1,48092
1277,As-Salt,West,200,3,4,1.2,83656
1278,As-Salt,West,140,2,2,1.1,49348
1279,As-Salt,West,131,2,2,1,47418
1280,As-Salt,West,145,2,3,0.8,51914
1281,As-Salt,West,125,2,2,0.1,45308
1282,As-Salt,West,108,2,2,0.2,36535
1283,As-Salt,West,100,1,2,0.5,34834
1284,As-Salt,West,131,2,2,0.6,47799
1285,As-Salt,West,195,3,4,0.7,81353
1286,As-Salt,West,142,2,2,0.4,50522
1287,As-Salt,West,136,2,2,0.4,49946
1288,As-Salt,West,175,3,3,0.6,69291
1289,As-Salt,West,164,3,3,0.5,62979
1290,As-Salt,West,131,2,2,0.8,40190
1291,As-Salt,West,120,2,2,1.1,40217
1292,As-Salt,West,142,2,3,3.2,51156
1293,As-Salt,West,132,2,2,1.4,47885
1294,As-Salt,West,108,2,2,1.5,36846
1295,As-Salt,West,100,1,2,1.2,35146
1296,As-Salt,West,131,2,2,0.8,47239
1297,As-Salt,West,180,3,3,0.4,77671
1298,As-Salt,West,164,3,3,1.2,69250
1299,As-Salt,West,163,3,3,3.5,49011
1300,As-Salt,West,102,2,2,3.4,35385
1301,As-Salt,West,151,3,2,1.2,51618
1302,As-Salt,West,131,2,2,0.1,62929
1303,As-Salt,West,142,3,2,0.4,75237
